<?xml version="1.0"?>
<data grt_format="2.0">
  <value _ptr_="000001EF5619C1A0" type="list" content-type="object" content-struct-name="db.mgmt.ServerInstance">
    <value type="object" struct-name="db.mgmt.ServerInstance" id="{349074EA-977C-4F6C-8BB2-90372A6AE8DB}" struct-checksum="0x367436e2">
      <link type="object" struct-name="db.mgmt.Connection" key="connection">{618F4489-A05E-47A5-9238-7A5CA0B36056}</link>
      <value _ptr_="000001EF5B6546A0" type="dict" key="loginInfo">
        <value type="string" key="wmi.hostName"></value>
        <value type="string" key="wmi.userName"></value>
      </value>
      <value _ptr_="000001EF5B654700" type="dict" key="serverInfo">
        <value type="string" key="basedir">C:\Program Files\MySQL\MySQL Server 5.7\</value>
        <value type="string" key="datadir">C:\ProgramData\MySQL\MySQL Server 5.7\Data\</value>
        <value type="string" key="errorLogFilePath">DESKTOP-2P5BR3T.err</value>
        <value type="string" key="generalLogFilePath">DESKTOP-2P5BR3T.log</value>
        <value type="string" key="serverVersion">5.7.21-log</value>
        <value type="int" key="setupPending">0</value>
        <value type="int" key="slowLogEnabled">1</value>
        <value type="string" key="slowLogFilePath">DESKTOP-2P5BR3T-slow.log</value>
        <value type="string" key="sys.config.path">C:\ProgramData\MySQL\MySQL Server 5.7\my.ini</value>
        <value type="int" key="sys.config.path.lock">1</value>
        <value type="string" key="sys.config.section">mysqld</value>
        <value type="string" key="sys.mysqld.service_name">MySQL57</value>
        <value type="string" key="sys.preset">Custom</value>
        <value type="string" key="sys.sudo"></value>
        <value type="string" key="sys.system">Windows</value>
        <value type="int" key="sys.usesudo">0</value>
        <value type="int" key="sys.usesudostatus">0</value>
        <value type="int" key="windowsAdmin">1</value>
      </value>
      <value type="string" key="name">Local MySQL57</value>
    </value>
  </value>
</data>
